caption_id,caption_text,caption_type,created_ts,status,language,explicitness_level,primary_theme,primary_tone,cta_type,time_of_day_fit,persona_hint,price_hint_band,price_hint_value,char_len,word_count,emoji_count,has_hashtag,has_mention,has_price_placeholder,has_name_placeholder,has_currency_symbol,tags_csv,is_paid,is_mass_msg,is_wallpost
7f45204842557f286b978ff443c08abcc511bf5f5518f53880dc867aae1b2ee8,### THIS IS ONLY FOR âš ï¸ 1 FAN ğŸ˜±âš ï¸ TIP $50 for $1200 WORTH OF ğŸ” NUDE CONTENT ğŸ˜ˆ,TIP,2025-09-15T22:39:34.140491Z,EROS SCHEDULING HUB  TIP Captions WallPost:MassMessage.csv,ACTIVE,77,19,5,True,False,True,False,False,False,True
fdaa8e8c0897dc3566be48a54e4d5ebc4b7526106231333d3743e0a1498a6cbb,### FIRST FAN ONLY!!!! Tip $10 RIGHT NOW ğŸ”” for *$999 WORTH OF CONTENT* ğŸ˜±ğŸ‘‰ğŸ» DO NOT MISS OUT â—ï¸ â—ï¸,TIP,2025-09-15T22:39:34.140491Z,EROS SCHEDULING HUB  TIP Captions WallPost:MassMessage.csv,ACTIVE,96,21,6,True,False,True,False,False,False,True
4129817125bebb3598e56f41f6fb723df16ce3d94efc7c67ee65041717cf8539,Tip if you like ğŸ¥°,TIP,2025-09-15T22:39:34.140491Z,EROS SCHEDULING HUB  TIP Captions WallPost:MassMessage.csv,ACTIVE,17,5,1,False,False,False,False,False,False,True
678f3118efae98cb86ef1332f42dbdb6689f0807252b5c35bc8cddec2f8f7683,Donâ€™t forget to tip me baby ! Xoxox missing you,TIP,2025-09-15T22:39:34.140491Z,EROS SCHEDULING HUB  TIP Captions WallPost:MassMessage.csv,ACTIVE,47,10,0,False,False,False,False,False,False,True
962d84d7ec83dca9dbbd78de0f4ba57a28c197bb1a9074a5df06dfca6944f1a6,babe i have so many messages and it's taking me hours to respond each so if you want to pop at the top again give me a tip and i will answer you first ğŸ˜˜ğŸ˜ˆ,TIP,2025-09-15T22:39:34.140491Z,EROS SCHEDULING HUB  TIP Captions WallPost:MassMessage.csv,ACTIVE,153,35,2,False,False,False,False,False,False,True
64a4473e393788c1b64299c22415b7e7f071bd433346e7eb952af9cf3a273b69,I'm in the mood for a dick rating.ğŸ† Tip me $10 and I'll give you my honest review.ğŸ‘…ğŸ˜,TIP,2025-09-15T22:39:34.140491Z,EROS SCHEDULING HUB  TIP Captions WallPost:MassMessage.csv,ACTIVE,84,18,3,False,False,True,False,False,False,True
7bd691dd8ce1cf9abd42a343be2b628e649f391a0f18ee01a33a7be84f2cd6b3,miss me ğŸ‘… send tip for surprises ğŸ¤¤,TIP,2025-09-15T22:39:34.140491Z,EROS SCHEDULING HUB  TIP Captions WallPost:MassMessage.csv,ACTIVE,34,8,2,False,False,False,False,False,False,True
2b6bb168bbbee1d2ae311fd217d56608481a9eeace46414d7bb7091a9075db43,i woke up so horny... Show me your cock and tip me $5 if you want me to rate it,TIP,2025-09-15T22:39:34.140491Z,EROS SCHEDULING HUB  TIP Captions WallPost:MassMessage.csv,ACTIVE,79,20,0,False,False,True,False,False,False,True
441fc6cb5869447a8f5ae9717361a127eb4ffdc1c5b24fbd8a9b6b2a55b0f33d,Tip me $10 for a Christmas surprise ğŸ˜ğŸ,TIP,2025-09-15T22:39:34.140491Z,EROS SCHEDULING HUB  TIP Captions WallPost:MassMessage.csv,ACTIVE,38,8,2,False,False,True,False,False,False,True
99b59b6dd39ad254676d68b48a6d97bad5a44031c54de3d0f960dfa94979e1c9,My bank account brokeâ€¦. Just bought my lingerie for the photoshoot Friday ;) if you want a sneak peek of all the new lingerie I got send a tip booğŸ¥° canâ€™t wait for you to see,TIP,2025-09-15T22:39:34.140491Z,EROS SCHEDULING HUB  TIP Captions WallPost:MassMessage.csv,ACTIVE,173,36,1,False,False,False,False,False,False,True
df72691e951fc6169a8abd8b7162c74b404a3be14ffe26d562c04332ae5f2932,"who wants to join my VIP list?ğŸ¥° you can tip $100 to join my VIP to receive special treatment, even more exclusive content throughout my day, FREE chats, discounts, and unlimited access to me ğŸ‘€ i canâ€™t wait to get to know you more ;) hehe",TIP,2025-09-15T22:39:34.140491Z,EROS SCHEDULING HUB  TIP Captions WallPost:MassMessage.csv,ACTIVE,237,46,2,False,False,True,False,False,False,True
8ba1a778c09bbbc151411873e7e0ba1f33bb3003f03a5992c568e1e1b04b642c,HAPPY INTERNATIONAL WOMENS DAY ğŸ¤ if you're feeling generous and wanna celebrate me today - send me a $30 tip and ill show u my appreciation back! ğŸ˜œ,TIP,2025-09-15T22:39:34.140491Z,EROS SCHEDULING HUB  TIP Captions WallPost:MassMessage.csv,ACTIVE,147,28,2,False,False,True,False,False,False,True
25265c8c0292dbb109fff0b75e020dd66fdc4015777e45a06de766a6cf10c96b,feeling a little spicy today! send me a tip and Iâ€™ll send the video WITHOUT the stickers ğŸ˜œ wanting to make your day a little bit better ;),TIP,2025-09-15T22:39:34.140491Z,EROS SCHEDULING HUB  TIP Captions WallPost:MassMessage.csv,ACTIVE,138,28,1,False,False,False,False,False,False,True
22bcc09b6a7f74234b81bb94375dd97e7af6a5cdd121155ad946bf68e9a81a71,late night shower seshğŸ’¦ tip me and ill send you the rest of the video i took after this ğŸŒ¶ pictureâ€¦. you donâ€™t want to MISS,TIP,2025-09-15T22:39:34.140491Z,EROS SCHEDULING HUB  TIP Captions WallPost:MassMessage.csv,ACTIVE,122,26,2,False,False,False,False,False,False,True
bbd7e83fafe12303001387e0f47cb8107e4f9320e92960eb7662dac037dd8666,Tip me and Iâ€™ll send you a suprise ğŸ¤ªğŸ¤ªğŸ¤ª,TIP,2025-09-15T22:39:34.140491Z,EROS SCHEDULING HUB  TIP Captions WallPost:MassMessage.csv,ACTIVE,38,9,3,False,False,False,False,False,False,True
c9748e641d1823b675a856dbb1ce6acba8a44be852db163f7eee66a9fa6c34f9,Anyone interested in joining my VIP exclusive access list? Free pics once a weekâ€¦..tip to get in ğŸ¤­,TIP,2025-09-15T22:39:34.140491Z,EROS SCHEDULING HUB  TIP Captions WallPost:MassMessage.csv,ACTIVE,98,18,1,False,False,False,False,False,False,True
2b368a044af6a07ac6c26e01bf034518da430e93bbed660692635dcd481daef8,Letâ€™s play the tip for a suprise game ğŸ¥³ğŸ¥³ğŸ¥µğŸ’¦,TIP,2025-09-15T22:39:34.140491Z,EROS SCHEDULING HUB  TIP Captions WallPost:MassMessage.csv,ACTIVE,42,9,4,False,False,False,False,False,False,True
d4624727e8bba6f7abd77eec15c645d1d2810daca100ce26c1d9ef8935ce387f,TIP FOR A SURPRISEâ€¦â€¦the more you tip the naughtier things I do for you ğŸ¥µğŸ¥µğŸ’¦ğŸ’¦,TIP,2025-09-15T22:39:34.140491Z,EROS SCHEDULING HUB  TIP Captions WallPost:MassMessage.csv,ACTIVE,75,15,4,False,False,False,False,False,False,True
0551eb2a8c2562ef1982806be46dd91448e7c55c96e8e62362f887d53d52daff,Send me a tip if u liked what u saw babe^ â€¦.,TIP,2025-09-15T22:39:34.140491Z,EROS SCHEDULING HUB  TIP Captions WallPost:MassMessage.csv,ACTIVE,44,12,0,False,False,False,False,False,False,True
f8a4f6501622f1637c3081ebc146a671d934bfcbcdf257162fb95a0cb8865bd4,Tip for a suprise ğŸ¤¤,TIP,2025-09-15T22:39:34.140491Z,EROS SCHEDULING HUB  TIP Captions WallPost:MassMessage.csv,ACTIVE,19,5,1,False,False,False,False,False,False,True
27e2459eed816dfc702ea7b620e1ce43c98c690b4dfbc17de5894ee768a8ef30,Send me a tip and Iâ€™ll show you ğŸ¥µ,TIP,2025-09-15T22:39:34.140491Z,EROS SCHEDULING HUB  TIP Captions WallPost:MassMessage.csv,ACTIVE,33,9,1,False,False,False,False,False,False,True
e977a49d41a67bd5bdca30f20080a79183b0c423c0189e45360f5d674d66b192,take it from them from my last message i sent earlier todayğŸ‘€ tip me babe to see what you are missing out ğŸ¥°ğŸ¥°ğŸ˜,TIP,2025-09-15T22:39:34.140491Z,EROS SCHEDULING HUB  TIP Captions WallPost:MassMessage.csv,ACTIVE,108,23,4,False,False,False,False,False,False,True
3a636a0f5c8e5138fab4173d21b5bfa57faefc2c15c45b8de5a63c890d77e96b,Tip me the size of your dick and expect something naughty in returnğŸ¥µ,TIP,2025-09-15T22:39:34.140491Z,EROS SCHEDULING HUB  TIP Captions WallPost:MassMessage.csv,ACTIVE,68,13,1,False,False,False,False,False,False,True
79cac70d499bfc41280ac4af9dfe6a07ceef83ac5e37fdc64b5ac1da18a7a0fc,"Tip me $25, I'll send you a surprise you're gonna love. ğŸ™ˆğŸ’•",TIP,2025-09-15T22:39:34.140491Z,EROS SCHEDULING HUB  TIP Captions WallPost:MassMessage.csv,ACTIVE,58,12,2,False,False,True,False,False,False,True
e90e4f6320639f8a392b4225b02ceeb4171a350c68d1d213d8bbe91cdc132213,Tip me 30 and I'll send you my suuuper exclusive videoğŸ™ŠğŸ˜ˆ,TIP,2025-09-15T22:39:34.140491Z,EROS SCHEDULING HUB  TIP Captions WallPost:MassMessage.csv,ACTIVE,56,11,2,False,False,False,False,False,False,True
ff38e467eac8b9e4221e922f54af9bf1cfa32f8d1d12a8a2bc50fe9fadaa5236,"Cinco De Mayo Special! ğŸ‰ğŸ‰ğŸ‰ I know how much you want to see my new content, so here it is! Tip me ğŸ‰100 ğŸ‰and you can have my newest content video for Cinco + nude pics! You better not miss this out! ğŸ’‹ Let's have some fun! ğŸ¥‚",TIP,2025-09-15T22:39:34.140491Z,EROS SCHEDULING HUB  TIP Captions WallPost:MassMessage.csv,ACTIVE,221,48,7,False,False,False,False,False,False,True
3f9184677dfa5d7909fa9a7692801c21cfec225ebf3081c31492e92fdc5dcec0,A naughty little video that you deserve tip me 50 and I'll send it to you.ğŸ¥°I want you to have the naughtiest thoughts about me all day.ğŸ˜ˆ,TIP,2025-09-15T22:39:34.140491Z,EROS SCHEDULING HUB  TIP Captions WallPost:MassMessage.csv,ACTIVE,136,27,2,False,False,False,False,False,False,True
9995d0b6fd3876d8025503ffbaa29367e416f7807447d48f289804a11554fbd6,Tip $10 for a naughty surprise ğŸ˜ˆğŸ˜‰,TIP,2025-09-15T22:39:34.140491Z,EROS SCHEDULING HUB  TIP Captions WallPost:MassMessage.csv,ACTIVE,33,7,2,False,False,True,False,False,False,True
8f7241d680cba63fab39794819d74cfb250e95fe86829b62fba5819ef14db26c,are you alone rn babe? I wanna see you cock and if you tip me $5 I'll rate it for you ğŸ˜‹,TIP,2025-09-15T22:39:34.140491Z,EROS SCHEDULING HUB  TIP Captions WallPost:MassMessage.csv,ACTIVE,87,22,1,False,False,True,False,False,False,True
744fcf471fe7e60763d8bfce5fc3722924c7baad554bd4d610ed921901f55885,What about you tip me $15 and I will send a naughty video surprise for you? ğŸ¤”,TIP,2025-09-15T22:39:34.140491Z,EROS SCHEDULING HUB  TIP Captions WallPost:MassMessage.csv,ACTIVE,77,17,1,False,False,True,False,False,False,True
af40445a0f8d61f68a8295cfce6380ac62400629d6032afeeac5635a8a74fb1e,do i deserve a tip today for being such a good girl? ğŸ¥°,TIP,2025-09-15T22:39:34.140491Z,EROS SCHEDULING HUB  TIP Captions WallPost:MassMessage.csv,ACTIVE,54,13,1,False,False,False,False,False,False,True
54473c43b75fd038d2fe556b8de565b5abd1930a1c6799b3a3634ee3af6bc405,Tip me $5 and i'll tell you!ğŸ˜‰,TIP,2025-09-15T22:39:34.140491Z,EROS SCHEDULING HUB  TIP Captions WallPost:MassMessage.csv,ACTIVE,29,7,1,False,False,True,False,False,False,True
af18ae9606a6904e8cf0aec4d29568908f3b88e446953347971689cdd007b298,"hey there, craving some naughty conversation? ğŸ˜ Tip me $10 and we can start a sexting session! and I'll make sure you cum before you sleep tonight! ğŸ˜ˆğŸ†ğŸ’¦",TIP,2025-09-15T22:39:34.140491Z,EROS SCHEDULING HUB  TIP Captions WallPost:MassMessage.csv,ACTIVE,151,28,4,False,False,True,False,False,False,True
7224f3ff7f3d4f27fa9c2eec4c8ba332af5be98ad39677b4afc5fba2039ca7a9,if you tip me $5 I can rate your cock Daddy ğŸ¤¤ğŸ†,TIP,2025-09-15T22:39:34.140491Z,EROS SCHEDULING HUB  TIP Captions WallPost:MassMessage.csv,ACTIVE,46,12,2,False,False,True,False,False,False,True
eb5141433d9038c8b861406778a72b127dc264966f712e4003e6b8bb399aeba4,god I want to see a hard cock rn.... if you show me yours I'll rate it ğŸ˜ˆ but be a gentleman and tip me first pls ğŸ˜˜,TIP,2025-09-15T22:39:34.140491Z,EROS SCHEDULING HUB  TIP Captions WallPost:MassMessage.csv,ACTIVE,114,28,2,False,False,False,False,False,False,True
5168d4baf8b72a52e8e0e187e7c256d641e9e256a9b9465e623774d611aeb768,lets play Spin the wheel!! ğŸ¥° Tip me $20 for 1 spin and $35 for 2 spins! ğŸ”¥,TIP,2025-09-15T22:39:34.140491Z,EROS SCHEDULING HUB  TIP Captions WallPost:MassMessage.csv,ACTIVE,73,18,2,False,False,True,False,False,False,True
1ee1bcefc4cc62fe5435be8960062b5a1f4da6e5e8a1305ac8138ae901fa0ca8,Do you like a twerk video? ğŸ¥µ Just tip me $10 baby and I'll send you one. ğŸ˜˜ğŸ˜ğŸ˜‹,TIP,2025-09-15T22:39:34.140491Z,EROS SCHEDULING HUB  TIP Captions WallPost:MassMessage.csv,ACTIVE,76,18,4,False,False,True,False,False,False,True
b5630ab2234b3d21f9caaa10702c6ce94c8d1caa91941d731411d179aca62652,want me to rate your cock daddy? ğŸ† send me a pic and a tip and I'll tell you my honest opinion ğŸ¥°,TIP,2025-09-15T22:39:34.140491Z,EROS SCHEDULING HUB  TIP Captions WallPost:MassMessage.csv,ACTIVE,96,23,2,False,False,False,False,False,False,True
09b17edcc27500a077f86446d909beec50fa1114bfa637c29991b981560a42bb,tip me $10 and we can sext for a while daddy! ğŸ’¦,TIP,2025-09-15T22:39:34.140491Z,EROS SCHEDULING HUB  TIP Captions WallPost:MassMessage.csv,ACTIVE,47,12,1,False,False,True,False,False,False,True
b2a5d778b60d6aaa6f7124a574d23ea921bfcb2d86b9e5e12567d6e8f236f9e0,wanna sext with me daddy? send me a tip and we can get started ğŸ˜ˆ,TIP,2025-09-15T22:39:34.140491Z,EROS SCHEDULING HUB  TIP Captions WallPost:MassMessage.csv,ACTIVE,64,15,1,False,False,False,False,False,False,True
c9fa9d5b87a1a764b424b4c9980ff91fc83669ee9840ef58d66600897e3ffb64,Tip me $10 and we can start a sexting session! ğŸ¥°,TIP,2025-09-15T22:39:34.140491Z,EROS SCHEDULING HUB  TIP Captions WallPost:MassMessage.csv,ACTIVE,48,11,1,False,False,True,False,False,False,True
1ef8b8beb1dc682f65d36498bdf4837aca546ec8d87b353090287a166ad1ea09,send me a $5 tip and a ğŸ’ or ğŸ‘ emoji and I'll send you a naughty pic you'll like babe! ğŸ˜‡,TIP,2025-09-15T22:39:34.140491Z,EROS SCHEDULING HUB  TIP Captions WallPost:MassMessage.csv,ACTIVE,87,22,3,False,False,True,False,False,False,True
8ea5adb228abea70c94b141ef7b8448564ebd3d6dc9da1005be1aa437ca1b5f1,Hi guys â¤ï¸ğŸ’‹ tip $5 for $50 worth of content ğŸ¤ª today and tomorrow only,TIP,2025-09-15T22:39:34.140491Z,EROS SCHEDULING HUB  TIP Captions WallPost:MassMessage.csv,ACTIVE,69,15,3,False,False,True,False,False,False,True
0b3d809e48c074fc8f6ac4f08afa88a889860367ebb359ff35aa616d37659348,Today and tomorrow only special saleâœ¨ğŸ’¦ â€¢5$ for 40$ worth of content â€¢10$ for 75$ worth of content â€¢15$ for 100$ worth of content â€¢20$ for 150$ worth of content Tip and cum play with meğŸ‘…â¤ï¸,TIP,2025-09-15T22:39:34.140491Z,EROS SCHEDULING HUB  TIP Captions WallPost:MassMessage.csv,ACTIVE,187,36,4,False,False,False,False,False,False,True
159fb8793511a4e36fd8dda52213d721b8e17067a7d35182b9f88c9072ce2086,Hey daddy tip me anything and i have a surprise for you ğŸ­ğŸ’¦,TIP,2025-09-15T22:39:34.140491Z,EROS SCHEDULING HUB  TIP Captions WallPost:MassMessage.csv,ACTIVE,58,13,2,False,False,False,False,False,False,True
6546834f7728d06372f9bbe5d6561220c97f2b8015640ccf35c206a0ab176b6a,bored now tip me and let's sext babyyyy ğŸ˜«,TIP,2025-09-15T22:39:34.140491Z,EROS SCHEDULING HUB  TIP Captions WallPost:MassMessage.csv,ACTIVE,41,9,1,False,False,False,False,False,False,True
99270581fc08a5bb82bda6fa3a42063af9a2202e19d532759efef0278a8a763e,Baby are u on right now? iâ€™m so fucking hornyyyyy. Tip $10 & iâ€™ll get your hard cock off better than ever ğŸ™ŠğŸ’¦,TIP,2025-09-15T22:39:34.140491Z,EROS SCHEDULING HUB  TIP Captions WallPost:MassMessage.csv,ACTIVE,108,23,2,False,False,True,False,False,False,True
effcacae9f99214d38e982dd1a247afa919240074acaabb02c6c6ef2d5fe7531,Iâ€™m lying naked in bed right now ğŸ‘€ Tip $10 to play,TIP,2025-09-15T22:39:34.140491Z,EROS SCHEDULING HUB  TIP Captions WallPost:MassMessage.csv,ACTIVE,50,12,1,False,False,True,False,False,False,True
eede86fca2577c1d7ed847e4cae508974d9e62561b25fb67336ec6ef2935c591,Still doing my live slutty surprise tip $5ğŸ’¦ğŸ™ˆ,TIP,2025-09-15T22:39:34.140491Z,EROS SCHEDULING HUB  TIP Captions WallPost:MassMessage.csv,ACTIVE,44,8,2,False,False,True,False,False,False,True
a1467f0d17ee6cf123c2bdc68dde6c501fb2d82752ae18292fa4b5fb5770a089,dare you to tip $10 I bet you wonâ€™t do it ğŸ˜ˆ Iâ€™m feeling very GENEROUS TODAY,TIP,2025-09-15T22:39:34.140491Z,EROS SCHEDULING HUB  TIP Captions WallPost:MassMessage.csv,ACTIVE,75,17,1,False,False,True,False,False,False,True
57bf1012349f45f563ce181a903a82d9c50fe6124b9d3451d1fc7fd14aa1b1a6,"First person to tip $20 [enter link here] gets 40 xxx videos straight to their DMs! Includes GG, SOLO, FEET, and more! ğŸ¥µ",TIP,2025-09-15T22:39:34.140491Z,EROS SCHEDULING HUB  TIP Captions WallPost:MassMessage.csv,ACTIVE,120,23,1,False,False,True,False,False,False,True
ad8522566a5ea35e6e1b489a2d6017b8120b18185132f1478aab6871b68a9866,Xmas Addition ğŸ…â€¼ï¸! Tip $10 for $1000 worth of content that I donâ€™t send out via messages! â¤ï¸ [enter link here],TIP,2025-09-15T22:39:34.140491Z,EROS SCHEDULING HUB  TIP Captions WallPost:MassMessage.csv,ACTIVE,110,21,2,False,False,True,False,False,False,True
bdfa7eada8e82079624500b18518a8ae06b8791ffd4c78828f30599c4962e307,BONUS $25 Tippers get a full Xmas Bundle 11 full selfies ğŸŒ²ğŸ…,TIP,2025-09-15T22:39:34.140491Z,EROS SCHEDULING HUB  TIP Captions WallPost:MassMessage.csv,ACTIVE,59,12,2,False,False,True,False,False,False,True
7732a000580aca8cd222a94a25d74ca6f7cb4ec9ac03dae1738b71039c6506ac,Tip me 10 and I will send you my solo videos bundles ğŸ˜‹ğŸ’¦,TIP,2025-09-15T22:39:34.140491Z,EROS SCHEDULING HUB  TIP Captions WallPost:MassMessage.csv,ACTIVE,55,13,2,False,False,False,False,False,False,True
2255eef0c33145ae56c8a50a63726a7af56f471a81bba56cc0ba6520ee5642cb,Tip me $5 I have slutty surprise for you ğŸ’¦ğŸ’¦,TIP,2025-09-15T22:39:34.140491Z,EROS SCHEDULING HUB  TIP Captions WallPost:MassMessage.csv,ACTIVE,43,10,2,False,False,True,False,False,False,True
e00d651c5c86453325d50f902a1c32899a69e2f5e67cad331dc5ae6ffb016baa,spoil me for my birthday with a tip and I'll spoil you back ğŸ¥°ğŸ¥°,TIP,2025-09-15T22:39:34.140491Z,EROS SCHEDULING HUB  TIP Captions WallPost:MassMessage.csv,ACTIVE,62,14,2,False,False,False,False,False,False,True
f8b6628e80875b6c42bcae2713def74234e491628f397863ecfcd316f2b2f068,Join my new FaceTime and free content programâ€¦ ON SALE 50% TIP ME $150 ğŸ‘¿ and you get all my content free ğŸ˜œ,TIP,2025-09-15T22:39:34.140491Z,EROS SCHEDULING HUB  TIP Captions WallPost:MassMessage.csv,ACTIVE,106,23,2,False,False,True,False,False,False,True
cfafc4c6656432a8d28d021770d6b05f059ad882befc749431ba79bde46e9814,Join my new FaceTime and free content programâ€¦ ON SALE 50% TIP ME $100 ğŸ‘¿ and you get all my content free ğŸ˜œ,TIP,2025-09-15T22:39:34.140491Z,EROS SCHEDULING HUB  TIP Captions WallPost:MassMessage.csv,ACTIVE,106,23,2,False,False,True,False,False,False,True
0237ce54a52dad24794c4a3ad2607892ef073eb0a84ab65681a7cffce361e397,Tip me $25 letâ€™s cum ğŸ‘¿ğŸ¤«,TIP,2025-09-15T22:39:34.140491Z,EROS SCHEDULING HUB  TIP Captions WallPost:MassMessage.csv,ACTIVE,23,6,2,False,False,True,False,False,False,True
ec68b4623fff73cd61cb443ebf761a702eba324eee207865beed8e559e9458eb,I am so horny tip me $10 let me take this off for you ğŸ‘¿ğŸ˜‰,TIP,2025-09-15T22:39:34.140491Z,EROS SCHEDULING HUB  TIP Captions WallPost:MassMessage.csv,ACTIVE,56,15,2,False,False,True,False,False,False,True
536ac28ef5d62f8ab78049927da87faa687bc9efd9b3074df00c98bcb710919e,If you tip me $75 to buy this lingerie I will send you a free custom in it ğŸ˜»ğŸ¥°,TIP,2025-09-15T22:39:34.140491Z,EROS SCHEDULING HUB  TIP Captions WallPost:MassMessage.csv,ACTIVE,77,19,2,False,False,True,False,False,False,True
f0bdc7915d321ffa9c544a98a9eacba7e8125c0c73ba5a9a0c8ac907def6e79f,Tip me $100 TODAY ONLY ğŸ‘¿ Free content on sn4p and video calls ğŸ™ˆ,TIP,2025-09-15T22:39:34.140491Z,EROS SCHEDULING HUB  TIP Captions WallPost:MassMessage.csv,ACTIVE,63,14,2,False,False,True,False,False,False,True
c7db4505ce66d3fe1ff8a387a045170d9672c552ffee92f886787a5625cc428d,Tip me $200 for all my content free and video calls ğŸ¤­,TIP,2025-09-15T22:39:34.140491Z,EROS SCHEDULING HUB  TIP Captions WallPost:MassMessage.csv,ACTIVE,53,12,1,False,False,True,False,False,False,True
9302a970e2d00468eff12f8e5f2b21b39fd9890395d98b11ec3b6a36a51b68fe,***LIVE STREAM OFFER ONLY*** if youre **watching live rn tip me $10** and **send me a pic of your cock** for full length sex tape for the best price you'll ever see,TIP,2025-09-15T22:39:34.140491Z,EROS SCHEDULING HUB  TIP Captions WallPost:MassMessage.csv,ACTIVE,164,32,0,False,False,True,False,False,False,True
abb84bc97b0fd3ed5188ca76028ad4ecdea0e69a7be15bafc0ca4a11cd37109b,***BRAND NEW XXX VIP*** want the **online girlfriend experience** and access to my naughtiest content? ğŸ˜ˆ ***TIP $200*** and Iâ€™ll send you a naughty surprise for ***FREE RIGHT NOW***ğŸ’¦ im only going to take **5 VIPs** for this OFFER so i can keep it exclusive and itâ€™s a ***LIFETIME VIP MEMBERSHIP*** ğŸ’•,TIP,2025-09-15T22:39:34.140491Z,EROS SCHEDULING HUB  TIP Captions WallPost:MassMessage.csv,ACTIVE,300,52,3,False,False,True,False,False,False,True
3b968a0b24529e95a3ca391b0650621baab3bac73fe4edb5f1ba13b8f6591ec1,Heyy! Just wanted to let you know Iâ€™m going to be sending a BEHIND THE SCENES 1st time ANAL video with Lola to ALL my vipâ€™s tonight!! Tip $300 for LIFETIME ACESS to the vip list and tons of other benifits!!,TIP,2025-09-15T22:39:34.140491Z,EROS SCHEDULING HUB  TIP Captions WallPost:MassMessage.csv,ACTIVE,206,41,0,False,False,True,False,False,False,True
b0819082d69d20b0c542b42e9c78ad619cda039d59be4f0952131fa1519f0639,"Hey babes ğŸ’• I am heading home to shower, want to play? Tip me $10 and let's get dirty ğŸ”¥",TIP,2025-09-15T22:39:34.140491Z,EROS SCHEDULING HUB  TIP Captions WallPost:MassMessage.csv,ACTIVE,87,20,2,False,False,True,False,False,False,True
dd78241cef3729a58fee670fea44507c40cd9537fc32b9dd46e88b6792f2d478,need an afternoon pick me up? tip $25 and I got youğŸ˜‰,TIP,2025-09-15T22:39:34.140491Z,EROS SCHEDULING HUB  TIP Captions WallPost:MassMessage.csv,ACTIVE,52,12,1,False,False,True,False,False,False,True
27d42f6116c28a8e6412897d48eca969f87b2cfd9ab459816a964289a2754c06,"Hey guys, guess what? Today is my day! And I just wanted to give a shoutout to all the amazing people who've been supporting me along the way. You guys rock! As a little thank-you, feel free to tip me any amount you want, and I'll hook you up with something extra special - for your eyes only ğŸ‘€ğŸ˜ˆ",TIP,2025-09-15T22:39:34.140491Z,EROS SCHEDULING HUB  TIP Captions WallPost:MassMessage.csv,ACTIVE,295,59,2,False,False,False,False,False,False,True
b26d8709b090bc4310aea8b86cb59c2986f385323f9577cbca58b97b5c6b4873,Tip me and I'll send you something naughty accordinglyğŸ’¦ğŸ˜ˆ,TIP,2025-09-15T22:39:34.140491Z,EROS SCHEDULING HUB  TIP Captions WallPost:MassMessage.csv,ACTIVE,56,9,2,False,False,False,False,False,False,True
97cefe0de4d10e3a002e26c52271ed2359f086a0d33eac8f95676ef713c781f4,Tip me anything and give you a content double the price ğŸ˜‰ Let's have some FUN!,TIP,2025-09-15T22:39:34.140491Z,EROS SCHEDULING HUB  TIP Captions WallPost:MassMessage.csv,ACTIVE,78,16,1,False,False,False,False,False,False,True
4903a1a39f90655294d036e9f623a4a806916fa38cd8bb4ff64dcf8924bd6f03,Tip me $50 rn and I'll show you what it's like for me to turn from innocent to wild in an instantğŸ˜ˆ,TIP,2025-09-15T22:39:34.140491Z,EROS SCHEDULING HUB  TIP Captions WallPost:MassMessage.csv,ACTIVE,98,22,1,False,False,True,False,False,False,True
26a23b57cfa769df741334e00525fc587f39ed93556ab78e0392e06d9c4009cd,Just uploaded a new hot content. Tip me 30 and you'll be the first one to see ğŸ˜œ,TIP,2025-09-15T22:39:34.140491Z,EROS SCHEDULING HUB  TIP Captions WallPost:MassMessage.csv,ACTIVE,79,18,1,False,False,False,False,False,False,True
cd581cbfa3f55f584d631f881d3ade2a2637d14059a48fc38720167e36cb7660,Tip me 30 and I'll show you something really hot babyğŸ˜˜,TIP,2025-09-15T22:39:34.140491Z,EROS SCHEDULING HUB  TIP Captions WallPost:MassMessage.csv,ACTIVE,54,11,1,False,False,False,False,False,False,True
1d8acadd812e7718368e6a9a80ab38a6099b3bf4eda19b96375a7a23945f67fb,Do you want something special?ğŸ˜ˆ if you tip me $40 right now I'll give you a content that I usually sell for $90â¤ï¸,TIP,2025-09-15T22:39:34.140491Z,EROS SCHEDULING HUB  TIP Captions WallPost:MassMessage.csv,ACTIVE,113,23,2,False,False,True,False,False,False,True
d6a60b89457f1b020978eb22a55a70b777ac0865ad513cd97ecae25f55468839,Tired of seeing my pussy pictures? How about I show you my newest solo video this week? All you have to do is tip me $50 and I will send it to you right awayğŸ’¦â¤ï¸,TIP,2025-09-15T22:39:34.140491Z,EROS SCHEDULING HUB  TIP Captions WallPost:MassMessage.csv,ACTIVE,160,35,2,False,False,True,False,False,False,True
480a54ef61a3a8f309d18120c16d4c9f61a67afa956feef243fae1f07aa1e331,"Tip me the size of your ğŸ†in inches, and I'll throw in a surprise in your inboxğŸ˜œ",TIP,2025-09-15T22:39:34.140491Z,EROS SCHEDULING HUB  TIP Captions WallPost:MassMessage.csv,ACTIVE,79,17,2,False,False,False,False,False,False,True
7335e08114f6c4cef67bc83251a7c12324d3ea5fcf2c03185a644fe8705f7c4f,"Tip me anything, and give you content double the price ğŸ˜‰ Let's have some FUN!",TIP,2025-09-15T22:39:34.140491Z,EROS SCHEDULING HUB  TIP Captions WallPost:MassMessage.csv,ACTIVE,77,15,1,False,False,False,False,False,False,True
f3162590ff69e20c28c3163b2a6a3ca9c9eab1ce4740720f45057a90214eccfa,"oh yeah before I forget, I'm doing a promo today tip me $50 rn and I'll send you my content that I usually send out for $100ğŸ˜ˆ",TIP,2025-09-15T22:39:34.140491Z,EROS SCHEDULING HUB  TIP Captions WallPost:MassMessage.csv,ACTIVE,125,27,1,False,False,True,False,False,False,True
2fc5c4a9572aedd8f85ebbe8fc942a9c4f43d9213c089962a63693d17fb808b7,Do you want to see a surprise now? ğŸ˜ˆ Tip me 30 and I'll make your day better,TIP,2025-09-15T22:39:34.140491Z,EROS SCHEDULING HUB  TIP Captions WallPost:MassMessage.csv,ACTIVE,76,18,1,False,False,False,False,False,False,True
97dfb8708f9e9c253857a511c4fb9a55f93225af25277c841e0c2d12570f1281,Tip me $20 and i'll make your breakfast specialğŸ˜‰,TIP,2025-09-15T22:39:34.140491Z,EROS SCHEDULING HUB  TIP Captions WallPost:MassMessage.csv,ACTIVE,48,9,1,False,False,True,False,False,False,True
9020c169f21d43b85f9ac4777ae49cee44df25a9978026c61dfbe2961c615641,tip me $30 I'll spread my legs for youğŸ˜ˆğŸ˜‰,TIP,2025-09-15T22:39:34.140491Z,EROS SCHEDULING HUB  TIP Captions WallPost:MassMessage.csv,ACTIVE,40,9,2,False,False,True,False,False,False,True
d8dbeefff2e124953b97cfd7cd3211ed6ab2a41cdb6742f95a154d66866ebd27,"If you tip me $15, I will send you my wildest photo of the weekğŸ˜œâ¤ï¸",TIP,2025-09-15T22:39:34.140491Z,EROS SCHEDULING HUB  TIP Captions WallPost:MassMessage.csv,ACTIVE,66,15,2,False,False,True,False,False,False,True
36ad62d47c3f9b4d207f57a92b3ed11e167c4d16d13ec195d1f00a082d7d42f2,"I'm doing a ""TIP ME"" Event right now! Tip me anything, and give you content double the price ğŸ˜‰ Let's have some FUNğŸ˜ˆ",TIP,2025-09-15T22:39:34.140491Z,EROS SCHEDULING HUB  TIP Captions WallPost:MassMessage.csv,ACTIVE,115,23,2,False,False,False,False,False,False,True
98536ba839c49edf31a6cb4198bc0dc2494b6c4a44ebae02283d79090bf386ca,"If you tip me any amount, I promise to spoil you accordinglyğŸ˜˜",TIP,2025-09-15T22:39:34.140491Z,EROS SCHEDULING HUB  TIP Captions WallPost:MassMessage.csv,ACTIVE,61,12,1,False,False,False,False,False,False,True
7ccbb2147a9bab72fad4fa1b6664f2abd95aac9b8b50dfaebb387e2ecb194a25,Tip me 15 and I'll double the value with my naughtiest pics ğŸ˜‰,TIP,2025-09-15T22:39:34.140491Z,EROS SCHEDULING HUB  TIP Captions WallPost:MassMessage.csv,ACTIVE,61,13,1,False,False,False,False,False,False,True
f675afc1e9cbb46dd62845bee67bddcbf90e5c38f5f3f2d76ebc39b06749ed65,Tip $35 and i'll send you spicy content worth $50ğŸ˜ˆ,TIP,2025-09-15T22:39:34.140491Z,EROS SCHEDULING HUB  TIP Captions WallPost:MassMessage.csv,ACTIVE,50,10,1,False,False,True,False,False,False,True
b4543faccf67ec40ad274c21f95003dad9af6407fdabcf9915dc7378f108b0fc,Send me a tip and I'll surprise you with something naughtyğŸ˜ˆ,TIP,2025-09-15T22:39:34.140491Z,EROS SCHEDULING HUB  TIP Captions WallPost:MassMessage.csv,ACTIVE,59,11,1,False,False,False,False,False,False,True
b6c4470450c1168d933037e52dc4ec4c7559383fdd08fdf6d69b43605a1e0623,hey babeğŸ˜‰ why don't you tip me based on the size of your ğŸ† and I'll hit you with a surprise afterğŸ’¦,TIP,2025-09-15T22:39:34.140491Z,EROS SCHEDULING HUB  TIP Captions WallPost:MassMessage.csv,ACTIVE,98,22,3,False,False,False,False,False,False,True
5942d51bbb06158a609856319113a36c42bd4613fcbac790efe081a513f24ae9,tip me $50 and I'll show you my wildest vidğŸ‘…â¤ï¸,TIP,2025-09-15T22:39:34.140491Z,EROS SCHEDULING HUB  TIP Captions WallPost:MassMessage.csv,ACTIVE,46,10,2,False,False,True,False,False,False,True
09c623cb015c357ce5e8db311e378324ac2cbb369460573c9578b7cd3706b1ad,"If you tip me any amount, I promise to spoil you accordingly. ğŸ˜˜",TIP,2025-09-15T22:39:34.140491Z,EROS SCHEDULING HUB  TIP Captions WallPost:MassMessage.csv,ACTIVE,63,13,1,False,False,False,False,False,False,True
97953b0b5feb7c61bf0d88d9f441096b6a665c24cfb770d87130f82f87b7b70c,"If you tip me $15, I will gape my ringhole in front of the camerağŸ˜ˆğŸ‘",TIP,2025-09-15T22:39:34.140491Z,EROS SCHEDULING HUB  TIP Captions WallPost:MassMessage.csv,ACTIVE,67,15,2,False,False,True,False,False,False,True
dc76d2ae57d9aba8c9f0f51df724397fe8a28ccbf6961689cddf871349043e68,I did some naughty things this morning.. just tip me 50 and I'll send you a NEVER before seen exclusive ğŸ˜ˆ,TIP,2025-09-15T22:39:34.140491Z,EROS SCHEDULING HUB  TIP Captions WallPost:MassMessage.csv,ACTIVE,105,21,1,False,False,False,False,False,False,True
8c9b61c01c0480dcc6bfeb56d9b6e5fbe1e1ff022299699032e89a75e8870b49,Hey hey hey. You're lucky today cuz I wanna send something different from the usual. Curious? Tip me $30 to find out ğŸ˜œ,TIP,2025-09-15T22:39:34.140491Z,EROS SCHEDULING HUB  TIP Captions WallPost:MassMessage.csv,ACTIVE,118,23,1,False,False,True,False,False,False,True
bea9729228f13b83a6436b22c589001a90600d26151c81fdb7a958e15cb72c26,"You are so lucky today! I`m all alone in my room rn, tip me any amount over $25 and I will show you how freaky I am ğŸ˜ˆ",TIP,2025-09-15T22:39:34.140491Z,EROS SCHEDULING HUB  TIP Captions WallPost:MassMessage.csv,ACTIVE,117,28,1,False,False,True,False,False,False,True
4c1cd2461cd81eccf928b054e5cb254c8dedcac110e69a484525d1187a3b4996,I just took so many sexy videos this morningğŸ¤­ and I wanna show you all of them ğŸ˜‰ just tip $25 babe and Iâ€™ll send them to youğŸ˜ˆğŸ¥°,TIP,2025-09-15T22:39:34.140491Z,EROS SCHEDULING HUB  TIP Captions WallPost:MassMessage.csv,ACTIVE,126,28,4,False,False,True,False,False,False,True
686d3d4d9552d48216b7cf1eca59cdaf30138b53949b5afd54b2889c1dad8103,"Want a creamy evening treat? ğŸ˜‹ ğŸ’¦ Tip me $50 rn, and I will send you a bundle of my sexy pics and vids (worth $149) to help you sleep tight ğŸ˜ˆ",TIP,2025-09-15T22:39:34.140491Z,EROS SCHEDULING HUB  TIP Captions WallPost:MassMessage.csv,ACTIVE,140,32,3,False,False,True,False,False,False,True
62fb38d0151f5c2db643b57a547e506c5c0e6dbfa82e10ecb14fd1cfc7ded759,free gift for the best fans in the world. tip me if u love mommy.,TIP,2025-09-15T22:39:34.140491Z,EROS SCHEDULING HUB  TIP Captions WallPost:MassMessage.csv,ACTIVE,65,15,0,False,False,False,False,False,False,True
a2e86531b14ce396ebe33928489ca4d259994982d4edcb8c91f2b95c7858e26b,hiii daddy do u want my personal number ???? just tip $200 n we can text and be naughy all dayyyyy :),TIP,2025-09-15T22:39:34.140491Z,EROS SCHEDULING HUB  TIP Captions WallPost:MassMessage.csv,ACTIVE,101,22,0,False,False,True,False,False,False,True
9bb968622af825ca5f8c8cffabbfe43eece562d28a69e4aaa3bb6bd879b744f3,** mass message ** guys im so overwhelmed with dms sorryyy if i haven't replied to u but its too many people to talk to at once rn . if u want my attention tip me and i'll answer u as fast u as u want. lets get sexy together <3333,TIP,2025-09-15T22:39:34.140491Z,EROS SCHEDULING HUB  TIP Captions WallPost:MassMessage.csv,ACTIVE,230,51,0,False,False,False,False,False,False,True
21cbd19c1c9ff581f6a41b682df380f600e1c584b129d6af8b2d40c1f5668b43,"Drop some good tip and I'll show you how wet I am, baby.â˜ºï¸â˜ºï¸",TIP,2025-09-15T22:39:34.140491Z,EROS SCHEDULING HUB  TIP Captions WallPost:MassMessage.csv,ACTIVE,60,13,2,False,False,False,False,False,False,True
fcfb0a05fdd3aa87159803cdb074f7ab25e5d27f8d90f509da63946d42c95537,"Tip me $20 then I'll show you how wet I am, baby!ğŸ˜ˆğŸ™ˆ",TIP,2025-09-15T22:39:34.140491Z,EROS SCHEDULING HUB  TIP Captions WallPost:MassMessage.csv,ACTIVE,51,12,2,False,False,True,False,False,False,True
0bfa693a074acbb24e8cb9affb44a47ce93ec4208d1d0ba38228b128351c0cb5,"Before my Birthday End, I would make you feel satisfied, baby. Tip me $30 then I'll send you one of my wildest content, baby.",TIP,2025-09-15T22:39:34.140491Z,EROS SCHEDULING HUB  TIP Captions WallPost:MassMessage.csv,ACTIVE,125,24,0,False,False,True,False,False,False,True
3fa526a9f2b5f37fe3a021c61ee8c56bba285d24e657f8f9dad4f3b3386d28c4,I have a great Birthday yesterday so I decided to give you a treat. Tip me $20 then I'll send you clusive content worth $100.,TIP,2025-09-15T22:39:34.140491Z,EROS SCHEDULING HUB  TIP Captions WallPost:MassMessage.csv,ACTIVE,125,25,0,False,False,True,False,False,False,True
2c86fdb24f2f52418b3a3e66fa062982428136d9483415a860e3ae8601cf16ba,"I am sure you will love to watch me playing with myself, baby. Tip me $30 then I'll send you my wilder and more exciting content where you can cum multiple times.",TIP,2025-09-15T22:39:34.140491Z,EROS SCHEDULING HUB  TIP Captions WallPost:MassMessage.csv,ACTIVE,162,32,0,False,False,True,False,False,False,True
824fd2bfb40c942caf90df7a207f542b93ed72ec06344736aa33077a75a3afa7,"I don't offer this before but I can be your slave to your exclusive content, baby! Tip me $150 then I can make you an exclusive video masturbating while saying your name. This would be a LIMITED offer ONLY!",TIP,2025-09-15T22:39:34.140491Z,EROS SCHEDULING HUB  TIP Captions WallPost:MassMessage.csv,ACTIVE,206,39,0,False,False,True,False,False,False,True
9811cf3225e4a64fb51774ea4606ee646e1bf17285418e5b02a0cd520a1f0407,Drop me some tip to prove that I make you happy â˜ºï¸,TIP,2025-09-15T22:39:34.140491Z,EROS SCHEDULING HUB  TIP Captions WallPost:MassMessage.csv,ACTIVE,50,12,1,False,False,False,False,False,False,True
926e5f6675390d2628a834e7d76d3ddfa4a5e326803a5c9d17d8bda16eb472bb,Tip me $20 and let's start the fun ğŸ˜‰,TIP,2025-09-15T22:39:34.140491Z,EROS SCHEDULING HUB  TIP Captions WallPost:MassMessage.csv,ACTIVE,36,9,1,False,False,True,False,False,False,True
2eda4b2df5cc0a86117d3ed41293987770c0f95ccc56f550946a23abb31ff616,"Tip me the size of your cock in inches, and youâ€™ll be rock hard with what Iâ€™m gonna drop for you! ğŸ†ğŸ¥µ",TIP,2025-09-15T22:39:34.140491Z,EROS SCHEDULING HUB  TIP Captions WallPost:MassMessage.csv,ACTIVE,100,22,2,False,False,False,False,False,False,True
50bff7b671bc51492338e81c1b43cbcbc9bd28333f9a777c8deee4514aca4cf7,Have you seen how good my pussy eats up a dildo?! I promise youâ€™ll be cumming all over after you watch it! Tip me $30 and I'll show you how slutty I amğŸ˜ˆğŸ˜‹,TIP,2025-09-15T22:39:34.140491Z,EROS SCHEDULING HUB  TIP Captions WallPost:MassMessage.csv,ACTIVE,153,33,2,False,False,True,False,False,False,True
03e1aece10f977f50c768e485b01668e3664adb73ddb9438e2e33711425037a8,head is hurting so wonâ€™t be on CB tonightğŸ¥² send a tip+(with ur tip) ;) to make me feel better when i wake up and iâ€™ll make u feel even better ğŸ˜‡ğŸ˜‡ğŸ˜‡ hope u had a nice sunday <3 goodnight,TIP,2025-09-15T22:39:34.140491Z,EROS SCHEDULING HUB  TIP Captions WallPost:MassMessage.csv,ACTIVE,183,40,4,False,False,False,False,False,False,True
9ba275f60e565b7a9edb0c723394e11063e24d498ebcb095d87874c555da6ecd,***NEW VIP*** want the **online girlfriend experience** and access to my naughtiest content? ğŸ˜ˆ ***TIP $200*** and Iâ€™ll send you a naughty surprise for ***FREE RIGHT NOW***ğŸ’¦ im only going to take 5 VIPs for this OFFER so i can keep it exclusive and itâ€™s a ***LIFETIME VIP MEMBERSHIP*** ğŸ’•,TIP,2025-09-15T22:39:34.140491Z,EROS SCHEDULING HUB  TIP Captions WallPost:MassMessage.csv,ACTIVE,286,50,3,False,False,True,False,False,False,True
9362c960cc07b82118891d39b50c8edf9c8052c128d3b50e37030d7e71b16a43,"***NEW VIP*** want the **online girlfriend experience** and access to my naughtiest content? ğŸ˜ˆ ***TIP $200*** and Iâ€™ll send you a naughty surprise for ***FREE RIGHT NOW***ğŸ’¦ im only going to take 10 VIPs for this OFFER so i can keep it exclusive and itâ€™s a ***LIFETIME VIP MEMBERSHIP*** ğŸ’• If you want the ***ULTRA VIP EXPERIENCE***ğŸ’ theres only â€¼ï¸1 spot availableâ€¼ï¸ for that and you *get my #, my personal snap, and I'll put you on a completely exclusive list* where content **no one** on the internet has *EVER* seenğŸ’‹ Become VIP and DM me ğŸ‘‘ to get the details on how to become my *only* ULTRA VIPğŸ’***NEW VIP*** want the **online girlfriend experience** and access to my naughtiest content? ğŸ˜ˆ ***TIP $200*** and Iâ€™ll send you a naughty surprise for ***FREE RIGHT NOW***ğŸ’¦ im only going to take 10 VIPs for this OFFER so i can keep it exclusive and itâ€™s a ***LIFETIME VIP MEMBERSHIP*** ğŸ’• If you want the ***ULTRA VIP EXPERIENCE***ğŸ’ theres only â€¼ï¸1 spot availableâ€¼ï¸ for that and you *get my #, my personal snap, and I'll put you on a completely exclusive list* where content **no one** on the internet has *EVER* seenğŸ’‹ Become VIP and DM me ğŸ‘‘ to get the details on how to become my *only* ULTRA VIPğŸ’",TIP,2025-09-15T22:39:34.140491Z,EROS SCHEDULING HUB  TIP Captions WallPost:MassMessage.csv,ACTIVE,1194,217,14,True,False,True,False,False,False,True
d24fbd87e6b174338daf20dbbc8559e17207e35ccc30201dd45e16b3a47e44be,***NEW VIP*** want the **online girlfriend experience** and access to my naughtiest content? ğŸ˜ˆ ***TIP $200*** and Iâ€™ll send you a naughty surprise for ***FREE RIGHT NOW***ğŸ’¦ im only going to take 12 VIPs for this OFFER so i can keep it exclusive and itâ€™s a ***LIFETIME VIP MEMBERSHIP*** ğŸ’• Thereâ€™s only 2 spots left rnğŸ˜³,TIP,2025-09-15T22:39:34.140491Z,EROS SCHEDULING HUB  TIP Captions WallPost:MassMessage.csv,ACTIVE,317,56,4,False,False,True,False,False,False,True
329c92e3c394f344b3128cc4e36b8521a516275c13dc908f7626d7374071d567,***NEW VIP*** want the **online girlfriend experience** and access to my naughtiest content? ğŸ˜ˆ ***TIP $200*** and Iâ€™ll send you a naughty surprise for ***FREE RIGHT NOW***ğŸ’¦ im only going to take 12 VIPs for this OFFER so i can keep it exclusive and itâ€™s a ***LIFETIME VIP MEMBERSHIP*** ğŸ’•,TIP,2025-09-15T22:39:34.140491Z,EROS SCHEDULING HUB  TIP Captions WallPost:MassMessage.csv,ACTIVE,287,50,3,False,False,True,False,False,False,True
273c73f680eda999a7fcc3f20e6de7c80bea5864ac7709695f6658069d1c2641,"***NEW VIP*** want the **online girlfriend experience** and access to my naughtiest content? ğŸ˜ˆ ***TIP $200*** and Iâ€™ll send you a naughty surprise for ***FREE RIGHT NOW***ğŸ’¦ im only going to take 15 VIPs for this OFFER so i can keep it exclusive and itâ€™s a ***LIFETIME VIP MEMBERSHIP*** ğŸ’• If you want the ***ULTRA VIP EXPERIENCE***ğŸ’ theres only â€¼ï¸1 spot availableâ€¼ï¸ for that and you *get my #, my personal snap, and I'll put you on a completely exclusive list* where content **no one** on the internet has *EVER* seenğŸ’‹ Become VIP and DM me ğŸ‘‘ to get the details on how to become my *only* ULTRA VIPğŸ’",TIP,2025-09-15T22:39:34.140491Z,EROS SCHEDULING HUB  TIP Captions WallPost:MassMessage.csv,ACTIVE,597,109,7,True,False,True,False,False,False,True
2eedf47a8fa0bf153eb8718615f510ad36efb2b61c7b7ac35e9e78545b47401a,"***NEW VIP*** want the **online girlfriend experience** and access to my naughtiest content? ğŸ˜ˆ ***TIP $200*** and Iâ€™ll send you a naughty surprise for ***FREE RIGHT NOW***ğŸ’¦ im only going to take 5 VIPs for this OFFER so i can keep it exclusive and itâ€™s a ***LIFETIME VIP MEMBERSHIP*** ğŸ’• If you want the ***ULTRA VIP EXPERIENCE***ğŸ’ theres only â€¼ï¸ 2 spots availableâ€¼ï¸ for that and you *get my #, my personal snap, and I'll put you on a completely exclusive list* where content **no one** on the internet has *EVER* seenğŸ’‹ Become VIP and DM me ğŸ‘‘ to get the details on how to become my *only* ULTRA VIPğŸ’",TIP,2025-09-15T22:39:34.140491Z,EROS SCHEDULING HUB  TIP Captions WallPost:MassMessage.csv,ACTIVE,598,110,7,True,False,True,False,False,False,True
f5617240dc2014c1df10efbf8fe10e081fc18eb29335aa3f50f8dda84c5b273b,tip me $15 baby and ill send something naughty to kickstart your week ğŸ˜ˆ ğŸ™ˆ,TIP,2025-09-15T22:39:34.140491Z,EROS SCHEDULING HUB  TIP Captions WallPost:MassMessage.csv,ACTIVE,73,15,2,False,False,True,False,False,False,True
841505b839805f6cf9250670c8c0e559c10a2db517f702d222b8d4bbd27c5326,ğŸ‰ Campaign: Loyal Fans ğŸ˜ Iâ€™m putting this up for all of my loyal fans to be able to contribute towards to â€¼ï¸ Tip $50 to receive 20 pieces of content â€¼ï¸ The first 5 fans that tip under â¬‡ï¸ this post will also get priority messaging and some freebies for 1 week ğŸ¥µğŸ˜ I love ğŸ’• being able to see who my loyal fans are â€¼ï¸,TIP,2025-09-15T22:39:34.140491Z,EROS SCHEDULING HUB  TIP Captions WallPost:MassMessage.csv,ACTIVE,313,67,5,False,False,True,False,False,False,True
09407508951bb03845d0af35c0d80c4cbefd019914b0c8dfa1c5f7c571eaec71,"Today is your lucky day! If you tip me $25, you'll get an extra surprise! ğŸ¤ğŸ˜˜",TIP,2025-09-15T22:39:34.140491Z,EROS SCHEDULING HUB  TIP Captions WallPost:MassMessage.csv,ACTIVE,76,16,2,False,False,True,False,False,False,True
a521433a1f42f5735b68b928d76bbd1cd1f2cbf784fa1ff949d65f2bdb768339,"Iâ€™m just trying to be fair and give my time to people who are ready to have fun, Spoil me with a tip and let's be naughty! ğŸ˜ˆğŸ˜ˆ",TIP,2025-09-15T22:39:34.140491Z,EROS SCHEDULING HUB  TIP Captions WallPost:MassMessage.csv,ACTIVE,125,28,2,False,False,False,False,False,False,True
c6e3e246fe021870d638731778970ffae9a3d9abf20dc322dadcd0f086f7cabb,Letâ€™s play a guessing game ğŸ˜ˆ Send me a dick pic with a $10 tip and I have to guess how many inches!! If I am WRONG I have to send you a SEXY PIC. ğŸ¤¤,TIP,2025-09-15T22:39:34.140491Z,EROS SCHEDULING HUB  TIP Captions WallPost:MassMessage.csv,ACTIVE,147,36,2,False,False,True,False,False,False,True
e44f63729d9a604bcf824cf740a0558186ee8c4bbefcee8756247cb0e4f0cffa,"If I was with you, which part of my body would you want to lick first?ğŸ‘…ğŸ˜ˆ TIP $10 = Tits ğŸ’ TIP $15 = Ass ğŸ‘ TIP $25 = Pussy ğŸ˜ˆ",TIP,2025-09-15T22:39:34.140491Z,EROS SCHEDULING HUB  TIP Captions WallPost:MassMessage.csv,ACTIVE,123,31,5,False,False,True,False,False,False,True
013b196fd72d20aa5031d64af8a2e5be9afe3bbebe9abcb68e8a46c75989971f,Letâ€™s play a guessing game ğŸ˜ˆ You send me a dick pic with a $15 tip and I have to guess how many inches!! If I am WRONG I have to send you a SEXY PIC ğŸ˜›,TIP,2025-09-15T22:39:34.140491Z,EROS SCHEDULING HUB  TIP Captions WallPost:MassMessage.csv,ACTIVE,150,37,2,False,False,True,False,False,False,True
61171747c1c1da9e93add1ca11ccff80e6768d42212cdbcb0cf67c2363cc1585,I feel so generous today! I believe the best thing to do is to have some fun ğŸ™ˆTip me $25 and let's sext! I'm gonna throw some sexy pictures too. ğŸ¥µğŸ˜ˆ,TIP,2025-09-15T22:39:34.140491Z,EROS SCHEDULING HUB  TIP Captions WallPost:MassMessage.csv,ACTIVE,147,31,3,False,False,True,False,False,False,True
4273687af23965f97184b1046f7770348746a28415977827acec365a8a0be7af,"**PLAY TIME â—ï¸** Send me a picture of your dick with a $15 tip, and I'll guess how many inches it is as part of a guessing game! If I am WRONG, I must send you a sexy picture. ğŸ˜ˆğŸ™ˆ",TIP,2025-09-15T22:39:34.140491Z,EROS SCHEDULING HUB  TIP Captions WallPost:MassMessage.csv,ACTIVE,178,40,3,False,False,True,False,False,False,True
e98ec4a1238ee6e4b1701e0c08dc5c3a7b66d511a99b2eb1528e956c9bbf072f,Let's play. Tip $15 and I'll be naughty for you. ğŸ«¢ğŸ˜‹,TIP,2025-09-15T22:39:34.140491Z,EROS SCHEDULING HUB  TIP Captions WallPost:MassMessage.csv,ACTIVE,51,11,2,False,False,True,False,False,False,True
f3d03004d39c0eec1280dfbaa804ee5b8090262d134e43946e5a8aa012a8325a,"They say that kissing is a language of love, so would you mind starting a conversation with me? Spoil me with a $25 tip and you'll get a surprise! ğŸ¥µğŸ˜ˆ",TIP,2025-09-15T22:39:34.140491Z,EROS SCHEDULING HUB  TIP Captions WallPost:MassMessage.csv,ACTIVE,149,30,2,False,False,True,False,False,False,True
e0ce9fadd839f9487c17a9ad0017d2ecc0fb14a09776f6175ce1fbdb588fd5de,Tip me $15 for something spicy. ğŸ¥µ,TIP,2025-09-15T22:39:34.140491Z,EROS SCHEDULING HUB  TIP Captions WallPost:MassMessage.csv,ACTIVE,33,7,1,False,False,True,False,False,False,True
dceea12099aaf31f29abaa6153f5a951281d5519a3cfecaa4b3a65e64d836a14,Is it rock-hard right now? ğŸ† Tip me $15 and I'll send you something that's sure to turn up the heat!,TIP,2025-09-15T22:39:34.140491Z,EROS SCHEDULING HUB  TIP Captions WallPost:MassMessage.csv,ACTIVE,100,21,1,False,False,True,False,False,False,True
eee90e1a2e61e8556f2f6e7f47d88361bc6e9b05351dc63c56f5508c0ed42ff7,Why don't you tip me $25 now and I'll show you something naughty ğŸ˜,TIP,2025-09-15T22:39:34.140491Z,EROS SCHEDULING HUB  TIP Captions WallPost:MassMessage.csv,ACTIVE,66,14,1,False,False,True,False,False,False,True
79a829fa36353b692889f5532e571848e67caf954c5ad94ea9fc5b4b687701d4,"If you tip me right now, I'll send you a naughty surprise.ğŸ™ˆ",TIP,2025-09-15T22:39:34.140491Z,EROS SCHEDULING HUB  TIP Captions WallPost:MassMessage.csv,ACTIVE,59,12,1,False,False,False,False,False,False,True
bb245086f04aaad5bb410cad937cca5711947f9472491a840969b37b1006a3cf,"If you tip me $20 right now, I'll send you a naughty surprise. ğŸ™ˆ",TIP,2025-09-15T22:39:34.140491Z,EROS SCHEDULING HUB  TIP Captions WallPost:MassMessage.csv,ACTIVE,64,14,1,False,False,True,False,False,False,True
93a1e525f1e6f923babd4af2edbf4a2f9e842c55a886f74c1c2a3e111974c5c0,Wanna see my naughty vid for a lower price? I know you won't miss out on the chance. Tip me $20 if you wanna see it now.,TIP,2025-09-15T22:39:34.140491Z,EROS SCHEDULING HUB  TIP Captions WallPost:MassMessage.csv,ACTIVE,120,27,0,False,False,True,False,False,False,True
0eb1eee8d4b01193274c24f20e388e95570fb15633a0743756dbe4a231f03bf3,Tip me $10 and will send you something really hot in return ğŸ¥µğŸ¥µ,TIP,2025-09-15T22:39:34.140491Z,EROS SCHEDULING HUB  TIP Captions WallPost:MassMessage.csv,ACTIVE,62,13,2,False,False,True,False,False,False,True
8965d128fa6271f6414a0f727116075f111400b0a74dc3846ee7b6cbc7abcca5,"Hey love! send me $25 tip, I'll be showing you my sexiest photo ğŸ˜˜",TIP,2025-09-15T22:39:34.140491Z,EROS SCHEDULING HUB  TIP Captions WallPost:MassMessage.csv,ACTIVE,65,14,1,False,False,True,False,False,False,True
70be3411015bff1cb913225ae2e9499a0174a574cc9727f9c686920bd65d9560,Give me your best tip and Iâ€™ll make sure you get my naughtiest side in return ğŸ˜ˆ Letâ€™s turn up the heat ğŸ”¥ğŸ«¦,TIP,2025-09-15T22:39:34.140491Z,EROS SCHEDULING HUB  TIP Captions WallPost:MassMessage.csv,ACTIVE,105,23,3,False,False,False,False,False,False,True
80edacf60307eaecd30a0632595e9ecec6bd545ad879e35b2fa306fbb1ad36ce,"âŒ***custom video***âŒ $50 for 1 minute, $80 for 2 minutes, $99 for 3 minutes, or 5 minutes and ill say your name for $200 ğŸ˜ˆLIMITED TIME OFFER *making custom videos today* tip me and let me make you your own personal video ğŸ’—",TIP,2025-09-15T22:39:34.140491Z,EROS SCHEDULING HUB  TIP Captions WallPost:MassMessage.csv,ACTIVE,222,43,4,False,False,True,False,False,False,True
adc624438514fa38d7f6862961b258b70b0b66445b19e2263b69350900c75183,Iâ€™m taking the night off streaming tonight to make custom requests. Tip me $50 to make a custom video just for you ğŸ¥°,TIP,2025-09-15T22:39:34.140491Z,EROS SCHEDULING HUB  TIP Captions WallPost:MassMessage.csv,ACTIVE,116,23,1,False,False,True,False,False,False,True
cc114c3d300c805741e2b93ace511f0e0b392d8ef2b5e11ef279962a08a6d20a,Tip $5 to get added to my special discount list of videos <3,TIP,2025-09-15T22:39:34.140491Z,EROS SCHEDULING HUB  TIP Captions WallPost:MassMessage.csv,ACTIVE,60,13,0,False,False,True,False,False,False,True
2c8e5888011c9fb37379bf8d522eb291248782741e7c17b2bb35b4d6b0d09525,"Do you want XXX content from me babyğŸ¥° If you do, you should join my VIP listğŸ’‹ Once you join you get a bunch of fun things from me and I make sure to spoil you - Lifetime access to snap - Half off customs - Call/facetime scheduling - priority daily messaging - daily nude picsğŸ’• - access to my more b/g, g/g, and 3sum contentğŸ˜ So if you've been waiting to see me to get my top off you should join my VIP listğŸ¥° tip $200 and you'll get instantly added to my VIP list",TIP,2025-09-15T22:39:34.140491Z,EROS SCHEDULING HUB  TIP Captions WallPost:MassMessage.csv,ACTIVE,462,96,5,False,False,True,False,False,False,True
3eaf2caf68a7e90fc353a3dda71cbfb023928ac77264550dd80b28f22a217205,I need 3 more people to join my VIP until my list is full for now ğŸ¥° can you be one of the three people baby ğŸ’ I try to keep my VIP exclusive so tip $200 and get lifetime access to my sluttiest content and my snapchat so we can schedule calls and get to know each other betterğŸ˜ˆ,TIP,2025-09-15T22:39:34.140491Z,EROS SCHEDULING HUB  TIP Captions WallPost:MassMessage.csv,ACTIVE,276,60,3,False,False,True,False,False,False,True
fb2bfb43952291190f7dcd1b6e8634575b2ff862a2814ae1e610df2f4709e093,ğŸš¨ Tip $32 to get it babyğŸš¨,TIP,2025-09-15T22:39:34.140491Z,EROS SCHEDULING HUB  TIP Captions WallPost:MassMessage.csv,ACTIVE,25,7,2,False,False,True,False,False,False,True
357ddbe876d25e1efd8d2e48a9894d9ee928270b4d5489d8321f46666d9104b9,### ğŸš¨***BRAND NEW G/G VIP BUNDLE***ğŸ”ğŸš¨ I got super *slutty* with who just turned ***18***â€¼ï¸ğŸ¥µ If you want to see our g/g content together tip $25 and I'll start sending you everything we did together... we did a lotğŸ™ˆ,TIP,2025-09-15T22:39:34.140491Z,EROS SCHEDULING HUB  TIP Captions WallPost:MassMessage.csv,ACTIVE,214,39,5,True,False,True,False,False,False,True
f8cb972a4872550bda7e646cad2dcbc2b7dcb7eeab28c075fd04dbc9408f7476,### ğŸš¨***BRAND NEW G/G VIP BUNDLE***ğŸ”ğŸš¨ I got super *slutty* with who just turned ***18***â€¼ï¸ğŸ¥µ If you want to see our g/g content together tip $50 and I'll start sending you everything we did together... we did a lotğŸ™ˆ,TIP,2025-09-15T22:39:34.140491Z,EROS SCHEDULING HUB  TIP Captions WallPost:MassMessage.csv,ACTIVE,214,39,5,True,False,True,False,False,False,True
19325218ff973f63977c8d45e8ba9abea736e0b512be68e00d6b803d8aaa9138,1st 10 Fans to tip me $45 will get my pussy bundle you can see my wet pssy while I am bending over just for you ğŸ¥µğŸ˜ˆ,TIP,2025-09-15T22:39:34.140491Z,EROS SCHEDULING HUB  TIP Captions WallPost:MassMessage.csv,ACTIVE,114,27,2,False,False,True,False,False,False,True
7d0a8b5c4d9036d6282f8dfdbcbd04cd5d9199ac0f71eb6d1091f994f9e60009,Do think me $60 and you will get my full pussy play that is worth $200 ğŸ¥µğŸ˜ˆ tip me $120 and you will see me squirt ğŸ˜‰better get some tissue because it will be messy as hell ğŸ’¦ğŸ¥µ,TIP,2025-09-15T22:39:34.140491Z,EROS SCHEDULING HUB  TIP Captions WallPost:MassMessage.csv,ACTIVE,172,38,5,False,False,True,False,False,False,True
ee82a1304ca631663820933e10581b2f31e62ce4bd94a60236a0c6fdf6394ac1,tip me $10 and ill show you how wetğŸ˜ˆ,TIP,2025-09-15T22:39:34.140491Z,EROS SCHEDULING HUB  TIP Captions WallPost:MassMessage.csv,ACTIVE,36,9,1,False,False,True,False,False,False,True
a6817de4b264e05a2aa99fa37d1312d4b5dd502f5da3dc6abbf037c59602133c,The first 5 awesome Fans to tip $50 will get my full sex tape tonight ğŸ¥µ first come first serve ğŸ˜‰,TIP,2025-09-15T22:39:34.140491Z,EROS SCHEDULING HUB  TIP Captions WallPost:MassMessage.csv,ACTIVE,96,21,2,False,False,True,False,False,False,True
5143794b0dc2c349ee2501a90fa812ca75e1e398bbccd1268310757f1462c022,"Now showing "" Lily the dick bender "" ğŸ¥µğŸ˜ˆ tip $30 to see it on your screen ğŸ˜ first cum first serve while supply lust ğŸ˜ˆ",TIP,2025-09-15T22:39:34.140491Z,EROS SCHEDULING HUB  TIP Captions WallPost:MassMessage.csv,ACTIVE,116,26,4,False,False,True,False,False,False,True
a7d5dd40949602cb6e01e510bcc35d0ae54c0ffa15dca4e77ff5f47731ec315a,tip me $60 and get my newest sex tapes plus a free dickrate ğŸ˜‰ just make sure your cock is super hard before sending it to me ğŸ¥µ,TIP,2025-09-15T22:39:34.140491Z,EROS SCHEDULING HUB  TIP Captions WallPost:MassMessage.csv,ACTIVE,126,28,2,False,False,True,False,False,False,True
5892434b00bd300aa8e8d3bb1deef79abf3b9230324719206116672913189e45,Do you luv my smile babyğŸ˜˜ Tip $25 and ill strip out of this set for you and sext ğŸ’¦,TIP,2025-09-15T22:39:34.140491Z,EROS SCHEDULING HUB  TIP Captions WallPost:MassMessage.csv,ACTIVE,82,20,2,False,False,True,False,False,False,True
4694788de3c060329e3b1c7f644c8b8b345dc3a029304b242e10442aa51473c7,daddy if you tip $8 ill send you 10 free nudes,TIP,2025-09-15T22:39:34.140491Z,EROS SCHEDULING HUB  TIP Captions WallPost:MassMessage.csv,ACTIVE,46,11,0,False,False,True,False,False,False,True
f0eaf106f441d8ddf6d46ee952056618bdfdc1c533fd4d3ce15c6ae727083eec,# VIP AND CUSTOMS SALE TODAY tip $25 for: 5 free nudes ğŸ˜ˆ LIFETIME VIP ğŸ’ My snapchat ğŸ’ and a solo cum vid ğŸ™ˆ,TIP,2025-09-15T22:39:34.140491Z,EROS SCHEDULING HUB  TIP Captions WallPost:MassMessage.csv,ACTIVE,106,25,4,True,False,True,False,False,False,True
54e42aa2eb2a4c3d2bc9dd515591270d8f924a61473c9b8296efcc10d27cf9a1,# ğŸš¨ VIP AND CUSTOMS SALE TODAY ğŸš¨ tip $25 for: 5 free nudes ğŸ˜ˆ LIFETIME VIP ğŸ’ My snapchat ğŸ’ and a solo cum vid ğŸ™ˆ,TIP,2025-09-15T22:39:34.140491Z,EROS SCHEDULING HUB  TIP Captions WallPost:MassMessage.csv,ACTIVE,110,27,6,True,False,True,False,False,False,True
3ff0cb6742353d2bd542a855ea7d2d8d94aca71b4fcc64a250372b19b9ada3de,Let me drown you in solo content!! Tip $25 to make it happen ğŸ˜ˆğŸ˜ˆ,TIP,2025-09-15T22:39:34.140491Z,EROS SCHEDULING HUB  TIP Captions WallPost:MassMessage.csv,ACTIVE,63,14,2,False,False,True,False,False,False,True
1d40a9f7e5fb29dd29924997435ed8ca2b587f4035810148dd1be57540266056,# $5 DOLLAR DICK RATES TODAY ONLY ğŸ’â¤ï¸ Tip $5 and Ill do the sexiest rating for your cock ğŸ˜‹ let me make your day,TIP,2025-09-15T22:39:34.140491Z,EROS SCHEDULING HUB  TIP Captions WallPost:MassMessage.csv,ACTIVE,111,25,3,True,False,True,False,False,False,True
20e1a09bc6fe1ac710dd449bd37c4d12dadfc4347cca6feff34bf81287e3b2c7,Want me to add you to my special list? just tip $5 and I can give you priority messaging and special deals on video bundles <3,TIP,2025-09-15T22:39:34.140491Z,EROS SCHEDULING HUB  TIP Captions WallPost:MassMessage.csv,ACTIVE,126,26,0,False,False,True,False,False,False,True
bab0cf1515344d6113ad201bcb63e03f12bfdca9f0737da527aec243b01a1097,"heyy im so close to my best day of the month, if you can help out and tip $20 ill send you any piece of my content you want",TIP,2025-09-15T22:39:34.140491Z,EROS SCHEDULING HUB  TIP Captions WallPost:MassMessage.csv,ACTIVE,123,29,0,False,False,True,False,False,False,True
cab0f8d2f803a280e76756972e676a49efb669b50cdaed1f2283ba31d5636ffb,ğŸš¨ **VIP** ğŸš¨ ***SPECIAL*** ğŸš¨ 75% ğ‘¨ğ‘³ğ‘³ ğ‘ªğ‘¼ğ‘ºğ‘»ğ‘¶ğ‘´ğ‘º ğŸ¥µ 20+ ğ‘­ğ‘¹ğ‘¬ğ‘¬ ğ‘µğ‘¼ğ‘«ğ‘¬ğ‘ºğŸ˜ˆ VIP SNAP FOR LIFE â­ï¸ MY FULL SEXTAPEğŸ˜³ ***ALL WITH A $50 TIP*** ğŸ¥µ,TIP,2025-09-15T22:39:34.140491Z,EROS SCHEDULING HUB  TIP Captions WallPost:MassMessage.csv,ACTIVE,126,26,7,False,False,True,False,False,False,True
9f289c08d4af6330cddb97419bafa6a57112227a78b26e980b19b8aad9e99426,ğŸš¨ VIP ğŸš¨ SPECIAL ğŸš¨ 75% ğ‘¨ğ‘³ğ‘³ ğ‘ªğ‘¼ğ‘ºğ‘»ğ‘¶ğ‘´ğ‘º ğŸ¥µ 20+ ğ‘­ğ‘¹ğ‘¬ğ‘¬ ğ‘µğ‘¼ğ‘«ğ‘¬ğ‘ºğŸ˜ˆ VIP SNAP FOR LIFE â­ï¸ MY FULL SEXTAPEğŸ˜³ ALL WITH A $100 TIP ğŸ¥µ,TIP,2025-09-15T22:39:34.140491Z,EROS SCHEDULING HUB  TIP Captions WallPost:MassMessage.csv,ACTIVE,111,26,7,False,False,True,False,False,False,True
ab4d70f0babc6100598703eab7b0ac7aae61c5800454f395fe6f7d4b06a762dd,want me to make a custom for you tn baby? Can tip me $75 and itâ€™ll towards your request â¤ï¸,TIP,2025-09-15T22:39:34.140491Z,EROS SCHEDULING HUB  TIP Captions WallPost:MassMessage.csv,ACTIVE,90,20,1,False,False,True,False,False,False,True
943495beb59edba956ef95e4b70609d88268369c681e77de15f8bd9c706053fd,"Do you want eXXXclusive content from me babyğŸ¥° If you do, you should join my VIP listğŸ’‹ Once you join you get a bunch of fun things from me and I make sure to spoil you - Lifetime access to snap - Half off customs - priority daily messaging - daily picsğŸ’• - access to my more lewd contentğŸ˜ - and you'll be the first one to see me explore my body as I get more comfortable So if you've been waiting to see me to get my top off you should join my VIP listğŸ¥° tip $200 and you'll get instantly added to my VIP list",TIP,2025-09-15T22:39:34.140491Z,EROS SCHEDULING HUB  TIP Captions WallPost:MassMessage.csv,ACTIVE,506,107,5,False,False,True,False,False,False,True
e58fd32fe0070e8d12bc85fc489059be1704a70e0143818080e18b83811fdeca,"What you're missing out on by not being a VIP ğŸ¥° I only want to have 10 people total as VIPs, I only have 3 spots left so hurry if you want to get to know all the parts of me ğŸ˜˜ ***Tip $200*** and instantly become a VIPâ€¼ï¸",TIP,2025-09-15T22:39:34.140491Z,EROS SCHEDULING HUB  TIP Captions WallPost:MassMessage.csv,ACTIVE,219,49,2,False,False,True,False,False,False,True
10dc4d8f1468ac4b44e1fe43a16ef047d9999a95770adf02bdd7e19634af78e5,"### **DROPPING MY BEST GG EVER!!** Baby, get ready for the ultimate pleasure as and I explore our tight bodies âœ‚ï¸ ***in my hottest GG tape***. She'll seductively tease my neck with her tongue as she slowly removes my top... her hand drifted down to my kitty and starting softly gliding over ğŸ±ğŸ’¦sending shivers of ecstasy through my body. It's an intimate experience that will leave you breathless and craving for more.ğŸ¤¤ think you could handle both of us hehe? ğŸ˜ˆğŸ’¦ **tip $200 and ill send you my FIRST EVER GG to unlock** ğŸ˜ˆğŸ’‹",TIP,2025-09-15T22:39:34.140491Z,EROS SCHEDULING HUB  TIP Captions WallPost:MassMessage.csv,ACTIVE,521,94,8,True,False,True,False,False,False,True
b0003d924835f26147c4558889d0d112d0be4e0f39c479a8acbbba35b08f629c,"***SEXY STRIP GAME*** Itâ€™s getting late, I have no plans & wanna play a game w you babe are you up for it??ğŸ«£ hereâ€™s how weâ€™ll play: Tip me an amount $ between $5 and $10. If you tip the number Iâ€™m guessing you get a super wetğŸ’¦ shower vid for suuuuper cheapğŸ¤‘ If you donâ€™t, you still get the vid but for normal priceğŸ˜½ Now to spice it up;) if you like the video Iâ€™ll keep sending more for cheap that get a little more explicit each time until thereâ€™s nothing left to the imagination ğŸ˜³ğŸ˜ what do you say bby can we play? Pretty pleeeeeeeease ğŸ¥¹ Send me a tip $ to press play â¤ï¸â€ğŸ”¥",TIP,2025-09-15T22:39:34.140491Z,EROS SCHEDULING HUB  TIP Captions WallPost:MassMessage.csv,ACTIVE,573,117,9,False,False,True,False,False,False,True
6d9071747d92c741579df4fe5b834c4908ab7c91886d93ddd88a3a9fbfcb1ad5,Hey babe I have a hot deal just for you ? lets sext for 1hour with no unlocks babeğŸ˜ˆ just me flooding your DM with my hot and naughty pics & videos ğŸ¥µyou only have to tip $100 once and then you don't have to tip again for the whole session until you cumğŸ¥µâ¤ï¸,TIP,2025-09-15T22:39:34.140491Z,EROS SCHEDULING HUB  TIP Captions WallPost:MassMessage.csv,ACTIVE,254,54,4,False,False,True,False,False,False,True
bfd0733f71fcc641e65741d311156adae0d22f02c29bf039c345bcdbe0a36c56,"Now what's ur favorite content from me? Lmk I'm tryna show you something you'd love ğŸ¥°You can tip me $25 for 1 video, $45 for 2 videos, 55 for 3 videos. If you tip me $100 Iâ€™ll send u 8 hot videos",TIP,2025-09-15T22:39:34.140491Z,EROS SCHEDULING HUB  TIP Captions WallPost:MassMessage.csv,ACTIVE,195,42,1,False,False,True,False,False,False,True
9a9d0c22f40c3db46b7d06d13fff34fe8d21d9c6a4c81fe2156ca362b0985dfe,Iâ€™ve been really lonely this week.. we should schedule a video call and have some fun together â™¥ï¸ tip me $100 and we can schedule a call ğŸ˜˜ Only going to do this for my first 3 fans.. this normally would cost $500 MINIMUM,TIP,2025-09-15T22:39:34.140491Z,EROS SCHEDULING HUB  TIP Captions WallPost:MassMessage.csv,ACTIVE,220,44,2,False,False,True,False,False,False,True
cb12330332e5667ec7125379108bdb592c3fad168a3c917f28955387fb89b0a2,ğŸš¨ **VIP** ğŸš¨ ***SPECIAL*** ğŸš¨ 75% ALL CUSTOMS ğŸ¥µ 20+ FREE NUDESğŸ˜ˆ VIP SNAP FOR LIFE â­ï¸ MY FULL SEXTAPEğŸ˜³ ***ALL WITH A $50 TIP*** ğŸ¥µ,TIP,2025-09-15T22:39:34.140491Z,EROS SCHEDULING HUB  TIP Captions WallPost:MassMessage.csv,ACTIVE,126,26,7,False,False,True,False,False,False,True
b9bfe742f8026362f250467d0bfcce861129ed0ae248452320710fe17dee9829,ğŸš¨ VIP ğŸš¨ SPECIAL ğŸš¨ 75% ALL CUSTOMS ğŸ¥µ 20+ FREE NUDESğŸ˜ˆ VIP SNAP FOR LIFE â­ï¸ MY FULL SEXTAPEğŸ˜³ ALL WITH A $100 TIP ğŸ¥µ,TIP,2025-09-15T22:39:34.140491Z,EROS SCHEDULING HUB  TIP Captions WallPost:MassMessage.csv,ACTIVE,111,26,7,False,False,True,False,False,False,True
19d0924715be1a80e762069a0eb17f1fd32a9843522cacdf471c0fc2f2f73526,Want me to add you to my special list? just tip $5 and I can give you priority messaging and special deals on video bundles 3,TIP,2025-09-15T22:39:34.140491Z,EROS SCHEDULING HUB  TIP Captions WallPost:MassMessage.csv,ACTIVE,125,26,0,False,False,True,False,False,False,True
c524950d1854dfb9a52a56a19e6b890b591c6e982d75b132b0344a39945c48a2,Iâ€™ve been really lonely this week.. we should schedule a video call and have some fun together â™¥ï¸ tip me $100 and we can schedule a call ğŸ˜˜Only going to do this for my first 3 fans.. this normally would cost $500 MINIMUM,TIP,2025-09-15T22:39:34.140491Z,EROS SCHEDULING HUB  TIP Captions WallPost:MassMessage.csv,ACTIVE,219,43,2,False,False,True,False,False,False,True
ebd685352a5ad5e7e54de00c14d6eab44c4018d61d0406dfc0e980293c2f226d,"***SEXY STRIP GAME*** Itâ€™s getting late, I have no plans wanna play a game w you babe are you up for it??ğŸ«£ hereâ€™s how weâ€™ll play: Tip me an amount $ between $5 and $10. If you tip the number Iâ€™m guessing you get a super wetğŸ’¦ shower vid for suuuuper cheapğŸ¤‘ If you donâ€™t, you still get the vid but for normal priceğŸ˜½ Now to spice it up;) if you like the video Iâ€™ll keep sending more for cheap that get a little more explicit each time until thereâ€™s nothing left to the imagination ğŸ˜³ğŸ˜ what do you say bby can we play? Pretty pleeeeeeeease ğŸ¥¹ Send me a tip $ to press play â¤ï¸â€ğŸ”¥",TIP,2025-09-15T22:39:34.140491Z,EROS SCHEDULING HUB  TIP Captions WallPost:MassMessage.csv,ACTIVE,571,116,9,False,False,True,False,False,False,True
1c0a92ac1e94a04156143695614605e41e1aebd9eb57f637deaa1d2c74267780,Hey babe I have a hot deal just for you ? lets sext for 1hour with no unlocks babeğŸ˜ˆ just me flooding your DM with my hot and naughty pics videos ğŸ¥µyou only have to tip $100 once and then you don't have to tip again for the whole session until you cumğŸ¥µâ¤ï¸,TIP,2025-09-15T22:39:34.140491Z,EROS SCHEDULING HUB  TIP Captions WallPost:MassMessage.csv,ACTIVE,252,53,4,False,False,True,False,False,False,True
bcd1250585ce42a9545fde0766abcb42573d4e8d293b9a3712434afc3bbf8736,"What you're missing out on by not being a VIP ğŸ¥° I only want to have 10 people total as VIPs, I only have 3 spots left so hurry if you want to get to know all the parts of me ğŸ˜˜ ***Tip $200*** and instantly become a VIP!!ï¸",TIP,2025-09-15T22:39:34.140491Z,EROS SCHEDULING HUB  TIP Captions WallPost:MassMessage.csv,ACTIVE,220,49,2,False,False,True,False,False,False,True
ef2617fb2e4fff66ceb0bb39957a08975d1e9302a2136d4e524480279b1d7670,Join my new FaceTime and free content program... ON SALE 50% TIP ME $100 ğŸ‘¿ and you get all my content free ğŸ˜œ,TIP,2025-09-15T22:39:34.140491Z,EROS SCHEDULING HUB  TIP Captions WallPost:MassMessage.csv,ACTIVE,108,23,2,False,False,True,False,False,False,True
ea45664fdac6a4c8a6bee8a51821e33a5a9b154a8c5427660215776c1935fa74,Join my new FaceTime and free content program... ON SALE 50% TIP ME $150 ğŸ‘¿ and you get all my content free ğŸ˜œ,TIP,2025-09-15T22:39:34.140491Z,EROS SCHEDULING HUB  TIP Captions WallPost:MassMessage.csv,ACTIVE,108,23,2,False,False,True,False,False,False,True
8a3a2e72d11c405092484e4457d075b3245e1d20aa9321222a9cd47fe9f8c3dd,Baby are u on right now? iâ€™m so fucking hornyyyyy. Tip $10 iâ€™ll get your hard cock off better than ever ğŸ™ŠğŸ’¦,TIP,2025-09-15T22:39:34.140491Z,EROS SCHEDULING HUB  TIP Captions WallPost:MassMessage.csv,ACTIVE,106,22,2,False,False,True,False,False,False,True
2c3c07c7934448161ead6acdab2f3c91de3e74dd2d24463d0dfd40255ecd9699,Heyy! Just wanted to let you know Iâ€™m going to be sending a BEHIND THE SCENES 1st time ANAL video to ALL my vipâ€™s tonight!! Tip $300 for LIFETIME ACESS to the vip list and tons of other benifits!!,TIP,2025-09-15T22:39:34.140491Z,EROS SCHEDULING HUB  TIP Captions WallPost:MassMessage.csv,ACTIVE,196,39,0,False,False,True,False,False,False,True
886c65ed97df186e0ea8e3d5d49593affefcc9003f37e5c016fadb53e8891c6b,late night shower seshğŸ’¦ tip me and ill send you the rest of the video i took after this ğŸŒ¶ picture.... you donâ€™t want to MISS,TIP,2025-09-15T22:39:34.140491Z,EROS SCHEDULING HUB  TIP Captions WallPost:MassMessage.csv,ACTIVE,124,26,2,False,False,False,False,False,False,True
b8eb8cf56686c005fbe8cdf0801b7c28152b302159896b7a01aa8dfe0398af23,Send me a tip if u liked what u saw babe^ ....,TIP,2025-09-15T22:39:34.140491Z,EROS SCHEDULING HUB  TIP Captions WallPost:MassMessage.csv,ACTIVE,46,12,0,False,False,False,False,False,False,True
31a326f64ac830fdc87e9988cad07b5162d470c71f67555e545971e5457f99bd,Anyone interested in joining my VIP exclusive access list? Free pics once a week.....tip to get in ğŸ¤­,TIP,2025-09-15T22:39:34.140491Z,EROS SCHEDULING HUB  TIP Captions WallPost:MassMessage.csv,ACTIVE,100,18,1,False,False,False,False,False,False,True
a63220bccc6d15da0f802e54fcff279d48f1de7181d54955f51c736c99c8b30f,TIP FOR A SURPRISE......the more you tip the naughtier things I do for you ğŸ¥µğŸ¥µğŸ’¦ğŸ’¦,TIP,2025-09-15T22:39:34.140491Z,EROS SCHEDULING HUB  TIP Captions WallPost:MassMessage.csv,ACTIVE,79,15,4,False,False,False,False,False,False,True
fca5cc613bfcadbb5e2417ef735256fac8524265518e20749e4d851e0285acb2,### ğŸš¨***BRAND NEW G/G VIP BUNDLE***ğŸ”ğŸš¨ I got super *slutty* with who just turned ***18***!!ï¸ğŸ¥µ If you want to see our g/g content together tip $50 and I'll start sending you everything we did together... we did a lotğŸ™ˆ,TIP,2025-09-15T22:39:34.140491Z,EROS SCHEDULING HUB  TIP Captions WallPost:MassMessage.csv,ACTIVE,215,39,5,True,False,True,False,False,False,True
c7a8484133014d6a520bffcdef8c560c97f054af138b7c2380b073c4cc37a35d,### ğŸš¨***BRAND NEW G/G VIP BUNDLE***ğŸ”ğŸš¨ I got super *slutty* with who just turned ***18***!!ï¸ğŸ¥µ If you want to see our g/g content together tip $25 and I'll start sending you everything we did together... we did a lotğŸ™ˆ,TIP,2025-09-15T22:39:34.140491Z,EROS SCHEDULING HUB  TIP Captions WallPost:MassMessage.csv,ACTIVE,215,39,5,True,False,True,False,False,False,True
034ed827c532d8c0722aaa2248d82286e2043fea8eb6a222cf787a340181a62c,Tip $5 to get added to my special discount list of videos 3,TIP,2025-09-15T22:39:34.140491Z,EROS SCHEDULING HUB  TIP Captions WallPost:MassMessage.csv,ACTIVE,59,13,0,False,False,True,False,False,False,True
d4c9f6b1803bd063f1f71d7cbc1de088a1849fe46bd4811076fd00338ee5fd1d,head is hurting so wonâ€™t be on CB tonightğŸ¥² send a tip+(with ur tip) ;) to make me feel better when i wake up and iâ€™ll make u feel even better ğŸ˜‡ğŸ˜‡ğŸ˜‡ hope u had a nice sunday 3 goodnight,TIP,2025-09-15T22:39:34.140491Z,EROS SCHEDULING HUB  TIP Captions WallPost:MassMessage.csv,ACTIVE,182,40,4,False,False,False,False,False,False,True
f24824d074594773f2b20ce10e46be0b70b692a7775e303ab9435afe0c1edc74,** mass message ** guys im so overwhelmed with dms sorryyy if i haven't replied to u but its too many people to talk to at once rn . if u want my attention tip me and i'll answer u as fast u as u want. lets get sexy together 3333,TIP,2025-09-15T22:39:34.140491Z,EROS SCHEDULING HUB  TIP Captions WallPost:MassMessage.csv,ACTIVE,229,51,0,False,False,False,False,False,False,True
31546a7df6d1ca49629bc48d4d7bcc0cade9cd503f960672056c8ee94453f4ed,"***NEW VIP*** want the **online girlfriend experience** and access to my naughtiest content? ğŸ˜ˆ ***TIP $200*** and Iâ€™ll send you a naughty surprise for ***FREE RIGHT NOW***ğŸ’¦ im only going to take 5 VIPs for this OFFER so i can keep it exclusive and itâ€™s a ***LIFETIME VIP MEMBERSHIP*** ğŸ’• If you want the ***ULTRA VIP EXPERIENCE***ğŸ’ theres only !!ï¸ 2 spots available!!ï¸ for that and you *get my #, my personal snap, and I'll put you on a completely exclusive list* where content **no one** on the internet has *EVER* seenğŸ’‹ Become VIP and DM me ğŸ‘‘ to get the details on how to become my *only* ULTRA VIPğŸ’",TIP,2025-09-15T22:39:34.140491Z,EROS SCHEDULING HUB  TIP Captions WallPost:MassMessage.csv,ACTIVE,600,110,7,True,False,True,False,False,False,True
61504ed17bc21fef5c12e56afc644959e0e08c83044f7599c382709bd53162d1,"***NEW VIP*** want the **online girlfriend experience** and access to my naughtiest content? ğŸ˜ˆ ***TIP $200*** and Iâ€™ll send you a naughty surprise for ***FREE RIGHT NOW***ğŸ’¦ im only going to take 15 VIPs for this OFFER so i can keep it exclusive and itâ€™s a ***LIFETIME VIP MEMBERSHIP*** ğŸ’• If you want the ***ULTRA VIP EXPERIENCE***ğŸ’ theres only !!ï¸1 spot available!!ï¸ for that and you *get my #, my personal snap, and I'll put you on a completely exclusive list* where content **no one** on the internet has *EVER* seenğŸ’‹ Become VIP and DM me ğŸ‘‘ to get the details on how to become my *only* ULTRA VIPğŸ’",TIP,2025-09-15T22:39:34.140491Z,EROS SCHEDULING HUB  TIP Captions WallPost:MassMessage.csv,ACTIVE,599,109,7,True,False,True,False,False,False,True
81931db09fffe25e0e7a7cbcf4acd30a86215d66c7dca168d0e1b76a45cdff50,"***NEW VIP*** want the **online girlfriend experience** and access to my naughtiest content? ğŸ˜ˆ ***TIP $200*** and Iâ€™ll send you a naughty surprise for ***FREE RIGHT NOW***ğŸ’¦ im only going to take 10 VIPs for this OFFER so i can keep it exclusive and itâ€™s a ***LIFETIME VIP MEMBERSHIP*** ğŸ’• If you want the ***ULTRA VIP EXPERIENCE***ğŸ’ theres only !!ï¸1 spot available!!ï¸ for that and you *get my #, my personal snap, and I'll put you on a completely exclusive list* where content **no one** on the internet has *EVER* seenğŸ’‹ Become VIP and DM me ğŸ‘‘ to get the details on how to become my *only* ULTRA VIPğŸ’***NEW VIP*** want the **online girlfriend experience** and access to my naughtiest content? ğŸ˜ˆ ***TIP $200*** and Iâ€™ll send you a naughty surprise for ***FREE RIGHT NOW***ğŸ’¦ im only going to take 10 VIPs for this OFFER so i can keep it exclusive and itâ€™s a ***LIFETIME VIP MEMBERSHIP*** ğŸ’• If you want the ***ULTRA VIP EXPERIENCE***ğŸ’ theres only !!ï¸1 spot available!!ï¸ for that and you *get my #, my personal snap, and I'll put you on a completely exclusive list* where content **no one** on the internet has *EVER* seenğŸ’‹ Become VIP and DM me ğŸ‘‘ to get the details on how to become my *only* ULTRA VIPğŸ’",TIP,2025-09-15T22:39:34.140491Z,EROS SCHEDULING HUB  TIP Captions WallPost:MassMessage.csv,ACTIVE,1198,217,14,True,False,True,False,False,False,True
ba4fb1c19089ebb88c01756dcc07b77e28b5cecc02759192caff8f717b228a71,ğŸ‰ Campaign: Loyal Fans ğŸ˜ Iâ€™m putting this up for all of my loyal fans to be able to contribute towards to !!ï¸ Tip $50 to receive 20 pieces of content !!ï¸ The first 5 fans that tip under â¬‡ï¸ this post will also get priority messaging and some freebies for 1 week ğŸ¥µğŸ˜ I love ğŸ’• being able to see who my loyal fans are !!ï¸,TIP,2025-09-15T22:39:34.140491Z,EROS SCHEDULING HUB  TIP Captions WallPost:MassMessage.csv,ACTIVE,316,67,5,False,False,True,False,False,False,True
